Registration_number ,Field_number,Class,Order,Family,Genus,Species,Country,Locality,Latitude,Longitude,Extent,Notes,Collector_donor,Comments,Type_status,Genetic_resources
2013.356,None,Amphibia,Anura,Pipidae,Xenopus ,tropicalis,Sierra Leone,Southern: Moyamba District: Kasewe Hills Forest Reserve,8.1,-12.08333333,0,N/A,Richard C. Tinsley,"altitude 50; Collected on 22-March-1979; Notes: Shallow stream at Mokunde, farmbush, very dry before start of rains. 5 small juveniles, 1 subadult, adults in the same population sample measured up to 50 mm SVL - examined for parasites.",Non-type,Archival
2013.357,None,Amphibia,Anura,Pipidae,Xenopus ,tropicalis,Sierra Leone,Southern: Moyamba District: Kasewe Hills Forest Reserve,8.1,-12.08333333,0,N/A,Richard C. Tinsley,"altitude 50; Collected on 22-March-1979; Notes: Shallow stream at Mokunde, farmbush, very dry before start of rains. 5 small juveniles, 1 subadult, adults in the same population sample measured up to 50 mm SVL - examined for parasites.",Non-type,Archival
2013.358,None,Amphibia,Anura,Pipidae,Xenopus ,tropicalis,Sierra Leone,Southern: Moyamba District: Kasewe Hills Forest Reserve,8.1,-12.08333333,0,N/A,Richard C. Tinsley,"altitude 50; Collected on 22-March-1979; Notes: Shallow stream at Mokunde, farmbush, very dry before start of rains. 5 small juveniles, 1 subadult, adults in the same population sample measured up to 50 mm SVL - examined for parasites.",Non-type,Archival
2013.359,None,Amphibia,Anura,Pipidae,Xenopus ,tropicalis,Sierra Leone,Southern: Moyamba District: Kasewe Hills Forest Reserve,8.1,-12.08333333,0,N/A,Richard C. Tinsley,"altitude 50; Collected on 22-March-1979; Notes: Shallow stream at Mokunde, farmbush, very dry before start of rains. 5 small juveniles, 1 subadult, adults in the same population sample measured up to 50 mm SVL - examined for parasites.",Non-type,Archival
2013.360,None,Amphibia,Anura,Pipidae,Xenopus ,tropicalis,Sierra Leone,Southern: Moyamba District: Kasewe Hills Forest Reserve,8.1,-12.08333333,0,N/A,Richard C. Tinsley,"altitude 50; Collected on 22-March-1979; Notes: Shallow stream at Mokunde, farmbush, very dry before start of rains. 5 small juveniles, 1 subadult, adults in the same population sample measured up to 50 mm SVL - examined for parasites.",Non-type,Archival
2013.361,None,Amphibia,Anura,Pipidae,Xenopus ,tropicalis,Sierra Leone,Southern: Moyamba District: Kasewe Hills Forest Reserve,8.1,-12.08333333,0,N/A,Richard C. Tinsley,"altitude 50; Collected on 22-March-1979; Notes: Shallow stream at Mokunde, farmbush, very dry before start of rains. 5 small juveniles, 1 subadult, adults in the same population sample measured up to 50 mm SVL - examined for parasites.",Non-type,Archival
2013.362,None,Amphibia,Anura,Pipidae,Pseudhymenochirus,merlini,Sierra Leone,Southern: Moyamba District: Njala University College,8.320833333,-12.22,0,N/A,Richard C. Tinsley,"altitude 65; Collected on 3-April-1979; Notes: Maintained in captivity (in London) until preserved 13 November 1979. End of dry season, previous night with heavy rain. Collection during afternoon near Moyambawo village. Caught by villagers (for food) using shallow baskets sieved through the waterin a stream leading from forest edge into cultivated swamp with raised banks planted with crops: pool 5 x 2 x 0.5 m deep. Open area without tree canopy cover but adjacent to forest. ",Non-type,Archival
2013.363,None,Amphibia,Anura,Pipidae,Pseudhymenochirus,merlini,Sierra Leone,Southern: Moyamba District: Njala University College,8.320833333,-12.22,0,N/A,Richard C. Tinsley,"altitude 65; Collected on 3-April-1979; Notes: Maintained in captivity (in London) until preserved 13 November 1979. End of dry season, previous night with heavy rain. Collection during afternoon near Moyambawo village. Caught by villagers (for food) using shallow baskets sieved through the waterin a stream leading from forest edge into cultivated swamp with raised banks planted with crops: pool 5 x 2 x 0.5 m deep. Open area without tree canopy cover but adjacent to forest. ",Non-type,Archival
2013.364,None,Amphibia,Anura,Pipidae,Pseudhymenochirus,merlini,Sierra Leone,Southern: Moyamba District: Njala University College,8.320833333,-12.22,0,N/A,Richard C. Tinsley,"altitude 65; Collected on 3-April-1979; Notes: Maintained in captivity (in London) until preserved 13 November 1979. End of dry season, previous night with heavy rain. Collection during afternoon near Moyambawo village. Caught by villagers (for food) using shallow baskets sieved through the waterin a stream leading from forest edge into cultivated swamp with raised banks planted with crops: pool 5 x 2 x 0.5 m deep. Open area without tree canopy cover but adjacent to forest. ",Non-type,Archival
2013.365,None,Amphibia,Anura,Pipidae,Pseudhymenochirus,merlini,Sierra Leone,Southern: Moyamba District: Njala University College,8.320833333,-12.22,0,N/A,Richard C. Tinsley,"altitude 65; Collected on 3-April-1979; Notes: Maintained in captivity (in London) until preserved 13 November 1979. End of dry season, previous night with heavy rain. Collection during afternoon near Moyambawo village. Caught by villagers (for food) using shallow baskets sieved through the waterin a stream leading from forest edge into cultivated swamp with raised banks planted with crops: pool 5 x 2 x 0.5 m deep. Open area without tree canopy cover but adjacent to forest. ",Non-type,Archival
2013.366,None,Amphibia,Anura,Pipidae,Pseudhymenochirus,merlini,Sierra Leone,Southern: Moyamba District: Njala University College,8.320833333,-12.22,0,N/A,Richard C. Tinsley,"altitude 65; Collected on 3-April-1979; Notes: End of dry season, previous night with heavy rain. Collection during afternoon near Moyambawo village. Caught by villagers (for food) using shallow baskets sieved through the waterin a stream leading from forest edge into cultivated swamp with raised banks planted with crops: pool 5 x 2 x 0.5 m deep. Open area without tree canopy cover but adjacent to forest. ",Non-type,Archival
2013.367,None,Amphibia,Anura,Pipidae,Pseudhymenochirus,merlini,Sierra Leone,Southern: Moyamba District: Njala University College,8.320833333,-12.22,0,N/A,Richard C. Tinsley,"altitude 65; Collected on 3-April-1979; Notes: End of dry season, previous night with heavy rain. Collection during afternoon near Moyambawo village. Caught by villagers (for food) using shallow baskets sieved through the waterin a stream leading from forest edge into cultivated swamp with raised banks planted with crops: pool 5 x 2 x 0.5 m deep. Open area without tree canopy cover but adjacent to forest. ",Non-type,Archival
2013.368,None,Amphibia,Anura,Pipidae,Pseudhymenochirus,merlini,Sierra Leone,Southern: Moyamba District: Njala University College,8.320833333,-12.22,0,N/A,Richard C. Tinsley,"altitude 65; Collected on 3-April-1979; Notes: End of dry season, previous night with heavy rain. Collection during afternoon near Moyambawo village. Caught by villagers (for food) using shallow baskets sieved through the waterin a stream leading from forest edge into cultivated swamp with raised banks planted with crops: pool 5 x 2 x 0.5 m deep. Open area without tree canopy cover but adjacent to forest. ",Non-type,Archival
2013.369,None,Amphibia,Anura,Pipidae,Pseudhymenochirus,merlini,Sierra Leone,Southern: Moyamba District: Njala University College,8.320833333,-12.22,0,N/A,Richard C. Tinsley,"altitude 65; Collected on 3-April-1979; Notes: End of dry season, previous night with heavy rain. Collection during afternoon near Moyambawo village. Caught by villagers (for food) using shallow baskets sieved through the waterin a stream leading from forest edge into cultivated swamp with raised banks planted with crops: pool 5 x 2 x 0.5 m deep. Open area without tree canopy cover but adjacent to forest. ",Non-type,Archival
2013.370,None,Amphibia,Anura,Pipidae,Pseudhymenochirus,merlini,Sierra Leone,Southern: Moyamba District: Njala University College,8.320833333,-12.22,0,N/A,Richard C. Tinsley,"altitude 65; Collected on 3-April-1979; Notes: End of dry season, previous night with heavy rain. Collection during afternoon near Moyambawo village. Caught by villagers (for food) using shallow baskets sieved through the waterin a stream leading from forest edge into cultivated swamp with raised banks planted with crops: pool 5 x 2 x 0.5 m deep. Open area without tree canopy cover but adjacent to forest. ",Non-type,Archival
2013.371,None,Amphibia,Anura,Pipidae,Pseudhymenochirus,merlini,Sierra Leone,Southern: Moyamba District: Njala University College,8.320833333,-12.22,0,N/A,Richard C. Tinsley,"altitude 65; Collected on 3-April-1979; Notes: End of dry season, previous night with heavy rain. Collection during afternoon near Moyambawo village. Caught by villagers (for food) using shallow baskets sieved through the waterin a stream leading from forest edge into cultivated swamp with raised banks planted with crops: pool 5 x 2 x 0.5 m deep. Open area without tree canopy cover but adjacent to forest. ",Non-type,Archival
2013.372,None,Amphibia,Anura,Pipidae,Pseudhymenochirus,merlini,Sierra Leone,Southern: Moyamba District: Njala University College,8.320833333,-12.22,0,N/A,Richard C. Tinsley,"altitude 65; Collected on 3-April-1979; Notes: End of dry season, previous night with heavy rain. Collection during afternoon near Moyambawo village. Caught by villagers (for food) using shallow baskets sieved through the waterin a stream leading from forest edge into cultivated swamp with raised banks planted with crops: pool 5 x 2 x 0.5 m deep. Open area without tree canopy cover but adjacent to forest. ",Non-type,Archival
2013.373,None,Amphibia,Anura,Pipidae,Pseudhymenochirus,merlini,Sierra Leone,Southern: Moyamba District: Njala University College,8.320833333,-12.22,0,N/A,Richard C. Tinsley,"altitude 65; Collected on 3-April-1979; Notes: End of dry season, previous night with heavy rain. Collection during afternoon near Moyambawo village. Caught by villagers (for food) using shallow baskets sieved through the waterin a stream leading from forest edge into cultivated swamp with raised banks planted with crops: pool 5 x 2 x 0.5 m deep. Open area without tree canopy cover but adjacent to forest. ",Non-type,Archival
2013.374,None,Amphibia,Anura,Pipidae,Pseudhymenochirus,merlini,Sierra Leone,Southern: Moyamba District: Njala University College,8.320833333,-12.22,0,N/A,Richard C. Tinsley,"altitude 65; Collected on 3-April-1979; Notes: End of dry season, previous night with heavy rain. Collection during afternoon near Moyambawo village. Caught by villagers (for food) using shallow baskets sieved through the waterin a stream leading from forest edge into cultivated swamp with raised banks planted with crops: pool 5 x 2 x 0.5 m deep. Open area without tree canopy cover but adjacent to forest. ",Non-type,Archival
2013.375,None,Amphibia,Anura,Pipidae,Pseudhymenochirus,merlini,Sierra Leone,Southern: Moyamba District: Njala University College,8.320833333,-12.22,0,N/A,Richard C. Tinsley,"altitude 65; Collected on 3-April-1979; Notes: End of dry season, previous night with heavy rain. Collection during afternoon near Moyambawo village. Caught by villagers (for food) using shallow baskets sieved through the waterin a stream leading from forest edge into cultivated swamp with raised banks planted with crops: pool 5 x 2 x 0.5 m deep. Open area without tree canopy cover but adjacent to forest. ",Non-type,Archival
2013.376,None,Amphibia,Anura,Pipidae,Pseudhymenochirus,merlini,Sierra Leone,Southern: Moyamba District: Njala University College,8.320833333,-12.22,0,N/A,Richard C. Tinsley,"altitude 65; Collected on 3-April-1979; Notes: Maintained in captivity (in London) until preserved 13 November 1979. End of dry season, previous night with heavy rain. Collection during afternoon near Moyambawo village. Caught by villagers (for food) using shallow baskets sieved through the waterin a stream leading from forest edge into cultivated swamp with raised banks planted with crops: pool 5 x 2 x 0.5 m deep. Open area without tree canopy cover but adjacent to forest. ",Non-type,Archival
2013.377,None,Amphibia,Anura,Pipidae,Pseudhymenochirus,merlini,Sierra Leone,Southern: Moyamba District: Njala University College,8.320833333,-12.22,0,N/A,Richard C. Tinsley,"altitude 65; Collected on 3-April-1979; Notes: Maintained in captivity (in London) until preserved 13 November 1979. End of dry season, previous night with heavy rain. Collection during afternoon near Moyambawo village. Caught by villagers (for food) using shallow baskets sieved through the waterin a stream leading from forest edge into cultivated swamp with raised banks planted with crops: pool 5 x 2 x 0.5 m deep. Open area without tree canopy cover but adjacent to forest. ",Non-type,Archival
2013.378,None,Amphibia,Anura,Pipidae,Pseudhymenochirus,merlini,Sierra Leone,Southern: Moyamba District: Njala University College,8.320833333,-12.22,0,N/A,Richard C. Tinsley,"altitude 65; Collected on 3-April-1979; Notes: Maintained in captivity (in London) until preserved 13 November 1979. End of dry season, previous night with heavy rain. Collection during afternoon near Moyambawo village. Caught by villagers (for food) using shallow baskets sieved through the waterin a stream leading from forest edge into cultivated swamp with raised banks planted with crops: pool 5 x 2 x 0.5 m deep. Open area without tree canopy cover but adjacent to forest. ",Non-type,Archival
2013.379,None,Amphibia,Anura,Pipidae,Pseudhymenochirus,merlini,Sierra Leone,Southern: Moyamba District: Njala University College,8.320833333,-12.22,0,N/A,Richard C. Tinsley,"altitude 65; Collected on 3-April-1979; Notes: Maintained in captivity (in London) until preserved 13 November 1979. End of dry season, previous night with heavy rain. Collection during afternoon near Moyambawo village. Caught by villagers (for food) using shallow baskets sieved through the waterin a stream leading from forest edge into cultivated swamp with raised banks planted with crops: pool 5 x 2 x 0.5 m deep. Open area without tree canopy cover but adjacent to forest. ",Non-type,Archival
2013.380,None,Amphibia,Anura,Pipidae,Pseudhymenochirus,merlini,Sierra Leone,Southern: Moyamba District: Njala University College,8.320833333,-12.22,0,N/A,Richard C. Tinsley,"altitude 65; Collected on 3-April-1979; Notes: Maintained in captivity (in London) until preserved 13 November 1979. End of dry season, previous night with heavy rain. Collection during afternoon near Moyambawo village. Caught by villagers (for food) using shallow baskets sieved through the waterin a stream leading from forest edge into cultivated swamp with raised banks planted with crops: pool 5 x 2 x 0.5 m deep. Open area without tree canopy cover but adjacent to forest. ",Non-type,Archival
2013.381,None,Amphibia,Anura,Pipidae,Pseudhymenochirus,merlini,Sierra Leone,Southern: Moyamba District: Njala University College,8.320833333,-12.22,0,N/A,Richard C. Tinsley,"altitude 65; Collected on 3-April-1979; Notes: Maintained in captivity (in London) until preserved 13 November 1979. End of dry season, previous night with heavy rain. Collection during afternoon near Moyambawo village. Caught by villagers (for food) using shallow baskets sieved through the waterin a stream leading from forest edge into cultivated swamp with raised banks planted with crops: pool 5 x 2 x 0.5 m deep. Open area without tree canopy cover but adjacent to forest. ",Non-type,Archival
2013.351,None,Amphibia,Anura,Pipidae,Xenopus ,longipes,Cameroon,Northwest: Lake Oku,6.198161,10.450176,20,Approximated by viewing lake on GoogleEarth,Benjaim Tapley,altitude 1573; Collected on 3-April-2105; Notes: Bred in captivity at the Zoological Society of London,Non-type,Archival
2013.352,None,Amphibia,Anura,Pipidae,Xenopus ,longipes,Cameroon,Northwest: Lake Oku,6.198161,10.450176,20,Approximated by viewing lake on GoogleEarth,Benjaim Tapley,altitude 1573; Collected on 3-April-2105; Notes: Bred in captivity at the Zoological Society of London,Non-type,Archival
2013.353,None,Amphibia,Anura,Pipidae,Xenopus ,longipes,Cameroon,Northwest: Lake Oku,6.198161,10.450176,20,Approximated by viewing lake on GoogleEarth,Benjaim Tapley,altitude 1573; Collected on 3-April-2105; Notes: Bred in captivity at the Zoological Society of London,Non-type,Archival
2013.354,None,Amphibia,Anura,Pipidae,Xenopus ,longipes,Cameroon,Northwest: Lake Oku,6.198161,10.450176,20,Approximated by viewing lake on GoogleEarth,Benjaim Tapley,altitude 1573; Collected on 3-April-2105; Notes: Bred in captivity at the Zoological Society of London,Non-type,Archival
2013.355,None,Amphibia,Anura,Pipidae,Xenopus ,longipes,Cameroon,Northwest: Lake Oku,6.198161,10.450176,20,Approximated by viewing lake on GoogleEarth,Benjaim Tapley,altitude 1573; Collected on 3-April-2105; Notes: Bred in captivity at the Zoological Society of London,Non-type,Archival
2013.463,2012-5,Amphibia,Anura,Pipidae,Xenopus ,longipes,Cameroon,Northwest: Lake Oku,6.198161,10.450176,20,Approximated by viewing lake on GoogleEarth,Thomas Doherty-Bone,altitude 1573; Collected in 2012; Notes: None,Non-type,Archival
2013.464,2012-6,Amphibia,Anura,Pipidae,Xenopus ,longipes,Cameroon,Northwest: Lake Oku,6.198161,10.450176,20,Approximated by viewing lake on GoogleEarth,Thomas Doherty-Bone,altitude 1573; Collected in 2012; Notes: None,Non-type,Archival
2013.465,2012-7,Amphibia,Anura,Pipidae,Xenopus ,longipes,Cameroon,Northwest: Lake Oku,6.198161,10.450176,20,Approximated by viewing lake on GoogleEarth,Thomas Doherty-Bone,altitude 1573; Collected in 2012; Notes: None,Non-type,Archival
2013.466,2012-8,Amphibia,Anura,Pipidae,Xenopus ,longipes,Cameroon,Northwest: Lake Oku,6.198161,10.450176,20,Approximated by viewing lake on GoogleEarth,Thomas Doherty-Bone,altitude 1573; Collected in 2012; Notes: None,Non-type,Archival
2013.467,2012-9,Amphibia,Anura,Pipidae,Xenopus ,longipes,Cameroon,Northwest: Lake Oku,6.198161,10.450176,20,Approximated by viewing lake on GoogleEarth,Thomas Doherty-Bone,altitude 1573; Collected in 2012; Notes: None,Non-type,Archival
2013.468,2012-10,Amphibia,Anura,Pipidae,Xenopus ,longipes,Cameroon,Northwest: Lake Oku,6.198161,10.450176,20,Approximated by viewing lake on GoogleEarth,Thomas Doherty-Bone,altitude 1573; Collected in 2012; Notes: None,Non-type,Archival
2013.469,2012-11,Amphibia,Anura,Pipidae,Xenopus ,longipes,Cameroon,Northwest: Lake Oku,6.198161,10.450176,20,Approximated by viewing lake on GoogleEarth,Thomas Doherty-Bone,altitude 1573; Collected in 2012; Notes: None,Non-type,Archival
2013.470,2012-12,Amphibia,Anura,Pipidae,Xenopus ,longipes,Cameroon,Northwest: Lake Oku,6.198161,10.450176,20,Approximated by viewing lake on GoogleEarth,Thomas Doherty-Bone,altitude 1573; Collected in 2012; Notes: None,Non-type,Archival
2013.471,2012-13,Amphibia,Anura,Pipidae,Xenopus ,longipes,Cameroon,Northwest: Lake Oku,6.198161,10.450176,20,Approximated by viewing lake on GoogleEarth,Thomas Doherty-Bone,altitude 1573; Collected in 2012; Notes: None,Non-type,Archival
2013.472,2012-14,Amphibia,Anura,Pipidae,Xenopus ,longipes,Cameroon,Northwest: Lake Oku,6.198161,10.450176,20,Approximated by viewing lake on GoogleEarth,Thomas Doherty-Bone,altitude 1573; Collected in 2012; Notes: None,Non-type,Archival
2013.473,2012-15,Amphibia,Anura,Pipidae,Xenopus ,longipes,Cameroon,Northwest: Lake Oku,6.198161,10.450176,20,Approximated by viewing lake on GoogleEarth,Thomas Doherty-Bone,altitude 1573; Collected in 2012; Notes: None,Non-type,Archival
2013.474,2012-16,Amphibia,Anura,Pipidae,Xenopus ,longipes,Cameroon,Northwest: Lake Oku,6.198161,10.450176,20,Approximated by viewing lake on GoogleEarth,Thomas Doherty-Bone,altitude 1573; Collected in 2012; Notes: None,Non-type,Archival
2013.475,2012-17,Amphibia,Anura,Pipidae,Xenopus ,longipes,Cameroon,Northwest: Lake Oku,6.198161,10.450176,20,Approximated by viewing lake on GoogleEarth,Thomas Doherty-Bone,altitude 1573; Collected in 2012; Notes: None,Non-type,Archival
2013.476,2010-1,Amphibia,Anura,Pipidae,Xenopus ,longipes,Cameroon,Northwest: Lake Oku,6.198161,10.450176,20,Approximated by viewing lake on GoogleEarth,Thomas Doherty-Bone,altitude 1573; Collected in 2010; Notes: None,Non-type,Archival
2013.477,2010-2,Amphibia,Anura,Pipidae,Xenopus ,longipes,Cameroon,Northwest: Lake Oku,6.198161,10.450176,20,Approximated by viewing lake on GoogleEarth,Thomas Doherty-Bone,altitude 1573; Collected in 2010; Notes: None,Non-type,Archival
2013.478,2010-3,Amphibia,Anura,Pipidae,Xenopus ,longipes,Cameroon,Northwest: Lake Oku,6.198161,10.450176,20,Approximated by viewing lake on GoogleEarth,Thomas Doherty-Bone,altitude 1573; Collected in 2010; Notes: None,Non-type,Archival
2013.479,2012-1,Amphibia,Anura,Pipidae,Xenopus ,longipes,Cameroon,Northwest: Lake Oku,6.198161,10.450176,20,Approximated by viewing lake on GoogleEarth,Thomas Doherty-Bone,altitude 1573; Collected in 2012; Notes: None,Non-type,Archival
2013.480,2012-2,Amphibia,Anura,Pipidae,Xenopus ,longipes,Cameroon,Northwest: Lake Oku,6.198161,10.450176,20,Approximated by viewing lake on GoogleEarth,Thomas Doherty-Bone,altitude 1573; Collected in 2012; Notes: None,Non-type,Archival
2013.481,2012-3,Amphibia,Anura,Pipidae,Xenopus ,longipes,Cameroon,Northwest: Lake Oku,6.198161,10.450176,20,Approximated by viewing lake on GoogleEarth,Thomas Doherty-Bone,altitude 1573; Collected in 2012; Notes: None,Non-type,Archival
2013.482,2012-4,Amphibia,Anura,Pipidae,Xenopus ,longipes,Cameroon,Northwest: Lake Oku,6.198161,10.450176,20,Approximated by viewing lake on GoogleEarth,Thomas Doherty-Bone,altitude 1573; Collected in 2012; Notes: None,Non-type,Archival
2013.483,JWS 757,Amphibia,Anura,Ranidae,Rana,temporaria,United Kingdom,England:London:The Natural History Museum: Wildlife Garden,51.49586,-0.178622,0,N/A,Jeffrey W. Streicher,altitude 17; Collected on 1-July-2015; Notes: Under log,Non-type,Frozen
2013.484,JWS 758,Amphibia,Anura,Bufonidae,Bufo,bufo,United Kingdom,England:London:The Natural History Museum: Wildlife Garden,51.49586,-0.178622,0,N/A,Jeffrey W. Streicher,altitude 17; Collected on 1-July-2015; Notes: Under log,Non-type,Frozen
2013.485,JWS 759,Amphibia,Caudata,Salamandridae,Lissotriton,vulgaris,United Kingdom,England:London:The Natural History Museum: Wildlife Garden,51.49574,-0.17855,0,N/A,Jeffrey W. Streicher,altitude 17; Collected on 1-July-2015; Notes: Caught in net by D.J. Gower,Non-type,Frozen
2005.1851,MW 10401,Amphibia,Gymnophiona,Dermophiidae,Geotrypetes,seraphini,Equitorial Guinea,Bioko,3.264083,8.475778,0,N/A,DJ Gower,altitude 0; Collected on 11/01/2014,Non-type,Frozen (Possible)
2005.1861,MW 10405,Amphibia,Anura,Bufonidae,Nectophryne,batesii,Equitorial Guinea,Bioko,3.267361,8.471611,0,N/A,DJ Gower,altitude 20; Collected on 13/01/2014,Non-type,Frozen (Possible)
2005.1852,MW 10407,Amphibia,Gymnophiona,Dermophiidae,Geotrypetes,seraphini,Equitorial Guinea,Bioko,3.260944,8.486556,0,N/A,DJ Gower and  Vanessa Callahan,altitude 28; Collected on 14/01/2014,Non-type,Frozen (Possible)
2005.186,MW 10408,Amphibia,Anura,Arthroleptidae,Cardioglossa,nigromaculata,Equitorial Guinea,Bioko,3.3665,8.502333,0,N/A,DJ Gower and Jake Owens,altitude 1079; Collected on 18/01/2014,Non-type,Frozen (Possible)
2005.1863,MW 10409,Amphibia,Anura,Arthroleptidae,Arthroleptis,variabilis,Equitorial Guinea,Bioko,3.3665,8.502333,0,N/A,DJ Gower,altitude 1079; Collected on 18/01/2014,Non-type,Frozen (Possible)
2005.1856,MW 10410,Amphibia,Anura,Pipidae,Xenopus,allofraseri,Equitorial Guinea,Bioko,3.366778,8.504306,0,N/A,DJ Gower,altitude 1056; Collected on 19/01/2014,Non-type,Frozen (Possible)
2005.1857,MW 10411,Amphibia,Anura,Arthroleptidae,Leptopelis,calcaratus,Equitorial Guinea,Bioko,3.3665,8.502333,0,N/A,DJ Gower,altitude 1079; Collected on 18/01/2014,Non-type,Frozen (Possible)
2005.1858,MW 10412,Amphibia,Anura,Arthroleptidae,Leptopelis,rufus,Equitorial Guinea,Bioko,3.36525,8.500361,0,N/A,DJ Gower,altitude 1052; Collected on 17/01/2014,Non-type,Frozen (Possible)
2005.1859,MW 10413,Amphibia,Anura,Bufonidae,Amietophrynus,camerunensis,Equitorial Guinea,Bioko,3.366806,8.503944,0,N/A,DJ Gower,altitude 1077; Collected on 19/01/2014,Non-type,Frozen (Possible)
2005.1864,MW 10414,Amphibia,Anura,Arthroleptidae,Arthroleptis,variabilis,Equitorial Guinea,Bioko,3.366806,8.503944,0,N/A,DJ Gower,altitude 1077; Collected on 19/01/2014,Non-type,Frozen (Possible)
2005.1853,MW 10415,Amphibia,Anura,Petropedetidae,Petropedates,johnstoni,Equitorial Guinea,Bioko,3.329611,8.479139,0,N/A,DJ Gower,altitude 575; Collected on 20/01/2014,Non-type,Frozen (Possible)
2005.1854,MW 10416,Amphibia,Anura,Petropedetidae,Petropedates,johnstoni,Equitorial Guinea,Bioko,3.329611,8.479139,0,N/A,DJ Gower,altitude 575; Collected on 20/01/2014,Non-type,Frozen (Possible)
2005.1855,MW 10417,Amphibia,Anura,Petropedetidae,Petropedates,johnstoni,Equitorial Guinea,Bioko,3.329611,8.479139,0,N/A,DJ Gower,altitude 575; Collected on 20/01/2014,Non-type,Frozen (Possible)
2005.1862,MW 10418,Amphibia,Anura,Bufonidae,Amietophrynus,tuberosus,Equitorial Guinea,Bioko,3.328722,8.482667,0,N/A,DJ Gower,altitude 589; Collected on 20/01/2014,Non-type,Frozen (Possible)
2005.1870,MW10873,Amphibia,Anura,Craugastoridae,Craugastor,cf. laticeps,Honduras, Cortes: Cusuco National Park: Santo Tomas,15.499120,-88.213026,10,Took centroid of park. Extent determined as distance from centroid to Cofradia.,Simon Maddock,Other ID SM596; Collected 21 July 2015; Notes: DOR,Non-type,Frozen (Muscle)
2005.1871,MW10874,Amphibia,Anura,Craugastoridae,Craugastor,laticeps,Honduras, Cortes: Cusuco National Park: Santo Tomas,15.499120,-88.213026,10,Took centroid of park. Extent determined as distance from centroid to Cofradia.,Simon Maddock,Other ID SM636; Collected June-July 2015; Notes: None,Non-type,Frozen (Muscle)
2005.1872,MW10875,Amphibia,Anura,Craugastoridae,Craugastor,laticeps,Honduras, Cortes: Cusuco National Park: Santo Tomas,15.499120,-88.213026,10,Took centroid of park. Extent determined as distance from centroid to Cofradia.,Simon Maddock,Other ID SM635; Collected June-July 2015; Notes: None,Non-type,Frozen (Muscle)
2005.1873,MW10876,Amphibia,Anura,Hyllidae,Duellmanohyla,soralia,Honduras, Cortes: Cusuco National Park: Santo Tomas,15.499120,-88.213026,10,Took centroid of park. Extent determined as distance from centroid to Cofradia.,Simon Maddock,Other ID SM638; Collected June-July 2015; Notes: None,Non-type,Frozen (Muscle)
2005.1874,MW10877,Amphibia,Anura,Centrolenidae,Hyalinobatrachium,fleischmanni,Honduras, Cortes: Cusuco National Park: Santo Tomas,15.499120,-88.213026,10,Took centroid of park. Extent determined as distance from centroid to Cofradia.,Simon Maddock,Other ID SM637; Collected June-July 2015; Notes: None,Non-type,Frozen (Muscle)
2005.1875,MW10896,Amphibia,Anura,Hylidae,Plectrohyla,exquisita,Honduras, Cortes: Cusuco National Park,15.499120,-88.213026,10,Took centroid of park. Extent determined as distance from centroid to Cofradia.,Simon Maddock,Other ID SM641; Collected June-July 2015; Notes: Big,Non-type,Frozen (Muscle)
2005.1876,MW10904,Amphibia,Anura,Hylidae,Plectrohyla,exquisita,Honduras, Cortes: Cusuco National Park: Base Camp - River,15.499120,-88.213026,10,Took centroid of park. Extent determined as distance from centroid to Cofradia.,Simon Maddock,Other ID SM651; Collected 18 Juy 2015; Notes: Swabbed for presence/absence and qPCR. JL_18/06/15_BC_20:46,Non-type,Frozen (Muscle)
2005.1877,MW10906,Amphibia,Anura,Hylidae,Plectrohyla,cf. exquisita,Honduras," Cortes: Cusuco National Park: Base Camp, site 2",15.499120,-88.213026,10,Took centroid of park. Extent determined as distance from centroid to Cofradia.,Simon Maddock,Other ID SM653; Collected 26 July 2015; Notes: None,Non-type,Frozen (Muscle)
2005.1878,None,Amphibia,Anura,Bufonidae,Rhinella,marinus,Honduras, Cortes: Cusuco National Park: Buenes Aires,15.499120,-88.213026,10,Took centroid of park. Extent determined as distance from centroid to Cofradia.,Simon Maddock,Other ID SM678; Collected June-July 2015; Notes: None,Non-type,Frozen (Muscle)
2005.1879,MW10869,Amphibia,Caudata,Plethodontidae,Oedepina,sp.,Honduras, Cortes: Cusuco National Park: Cantilles T5,15.51366,-88.24229,0,N/A,Simon Maddock,Other ID SM564; Collected 5 July 2015; Notes: Digging,Non-type,Frozen (Muscle)
2005.1880,MW10887,Amphibia,Caudata,Plethodontidae,Bolitoglossa,nympha,Honduras, Cortes: Cusuco National Park: Santo Tomas,15.499120,-88.213026,10,Took centroid of park. Extent determined as distance from centroid to Cofradia.,Simon Maddock,Other ID SM639; Collected June-July 2015; Notes: None,Non-type,Frozen (Muscle)
2005.1881,MW10888,Amphibia,Caudata,Plethodontidae,Bolitoglossa,diaphora,Honduras, Cortes: Cusuco National Park,15.499120,-88.213026,10,Took centroid of park. Extent determined as distance from centroid to Cofradia.,Simon Maddock,Other ID SM620; Collected June-July 2015; Notes: None,Non-type,Frozen (Tail tip)
2005.1882,MW10905,Amphibia,Caudata,Plethodontidae,Bolitoglossa,diaphora,Honduras, Cortes: Cusuco National Park: Cantilles T5,15.499120,-88.213026,10,Took centroid of park. Extent determined as distance from centroid to Cofradia.,Simon Maddock,Other ID SM652; Collected 26 July 2015; Notes: In invert pitfall trap,Non-type,Frozen (Muscle)
2005.1883,MW10898,Amphibia,Caudata,Plethodontidae,Nototriton,brodiei,Honduras, Cortes: Cusuco National Park: Base Camp River transect,15.499120,-88.213026,10,Took centroid of park. Extent determined as distance from centroid to Cofradia.,Simon Maddock,Other ID SM643; Collected 9 June 2015; Notes: None,Non-type,Frozen (Tail tip)
2005.1884,MW10899,Amphibia,Caudata,Plethodontidae,Bolitoglossa,conanti,Honduras, Cortes: Cusuco National Park: Capuca,15.499120,-88.213026,10,Took centroid of park. Extent determined as distance from centroid to Cofradia.,Simon Maddock,Other ID SM644; Collected 30 June 2015; Notes: Merlin has also taken liver,Non-type,Frozen (Muscle)
2005.1885,MW10893,Reptilia,Squamata,Colubridae,Adelphicos,quadrivirgatus,Honduras, Cortes: Cusuco National Park: Buenes Aires,15.499120,-88.213026,10,Took centroid of park. Extent determined as distance from centroid to Cofradia.,Simon Maddock,Other ID SM604; Collected June-July 2015; Notes: Was killed when Tom was processing - I didn't pickle it until it started to go off,Non-type,Frozen (Muscle)
2005.1886,MW10903,Reptilia,Squamata,Colubridae,Adelphicos,quadrivirgatus,Honduras, Cortes: Cusuco National Park: Probably Buenes Aires,15.499120,-88.213026,10,Took centroid of park. Extent determined as distance from centroid to Cofradia.,Simon Maddock,Other ID SM649; Collected June-July 2015; Notes: None,Non-type,Frozen (Muscle)
2005.1887,MW10897,Reptilia,Squamata,Viperidae,Bothriechis,marchi,Honduras, Cortes: Cusuco National Park: Corticito,15.499120,-88.213026,10,Took centroid of park. Extent determined as distance from centroid to Cofradia.,Simon Maddock,Other ID SM642; Collected June-July 2015; Notes: None,Non-type,Frozen (Muscle)
2005.1888,MW10872,Reptilia,Squamata,Viperidae,Bothriechis,marchi,Honduras," Cortes: Cusuco National Park: Corticito, River nr camp",15.499120,-88.213026,10,Took centroid of park. Extent determined as distance from centroid to Cofradia.,Simon Maddock,Other ID SM675; Collected June-July 2015; Notes: None,Non-type,Frozen (Muscle)
2005.1889,None,Reptilia,Squamata,Viperidae,Bothriechis,marchi,Honduras, Cortes: Cusuco National Park: Guanales,15.499120,-88.213026,10,Took centroid of park. Extent determined as distance from centroid to Cofradia.,Simon Maddock,Other ID SM676; Collected June-July 2015; Notes: None,Non-type,Frozen (Muscle)
2005.1890,None,Reptilia,Squamata,Viperidae,Cerrophidion,wilsoni,Honduras, Cortes: Cusuco National Park: Guanales,15.499120,-88.213026,10,Took centroid of park. Extent determined as distance from centroid to Cofradia.,Simon Maddock,Other ID SM677; Collected June-July 2015; Notes: None,Non-type,Frozen (Muscle)
2005.1891,MW10879,Reptilia,Squamata,Colubridae,Drymarchon,melanurus,Honduras, Cortes: Cusuco National Park,15.499120,-88.213026,10,Took centroid of park. Extent determined as distance from centroid to Cofradia.,Simon Maddock,Other ID SM618; Collected June-July 2015; Notes: None,Non-type,Frozen (Muscle)
2005.1892,MW10868,Reptilia,Squamata,Colubridae,Geophis,sp.,Honduras, Cortes: Cusuco National Park: Cantilles camp,15.499120,-88.213026,10,Took centroid of park. Extent determined as distance from centroid to Cofradia.,Simon Maddock,Other ID SM563; Collected 3 July 2015; Notes: None,Non-type,Frozen (Muscle)
2005.1893,MW10895,Reptilia,Squamata,Colubridae,Geophis,sp.,Honduras, Cortes: Cusuco National Park: El Danto,15.499120,-88.213026,10,Took centroid of park. Extent determined as distance from centroid to Cofradia.,Simon Maddock,Other ID SM640; Collected June-July 2015; Notes: None,Non-type,Frozen (Muscle)
2005.1894,MW10886,Reptilia,Squamata,Colubridae,Geophis,nephrodrymus,Honduras, Cortes: Cusuco National Park: Pitfall trap,15.49483,-88.21260,0,N/A,Simon Maddock,Other ID SM603; Collected June-July 2015; Notes: None,Non-type,Archival
2005.1895,MW10894,Reptilia,Squamata,Colubridae,Geophis,nephrodrymus,Honduras, Cortes: Cusuco National Park: Capuca camp,15.499120,-88.213026,10,Took centroid of park. Extent determined as distance from centroid to Cofradia.,Simon Maddock,Other ID SM671; Collected 31 July 2015; Notes: None,Non-type,Archival
2005.1896,MW10885,Reptilia,Squamata,Colubridae,Mastigodryas,dorsalis,Honduras, Cortes: Cusuco National Park,15.499120,-88.213026,10,Took centroid of park. Extent determined as distance from centroid to Cofradia.,Simon Maddock,Other ID SM625; Collected June-July 2015; Notes: None,Non-type,Frozen (Muscle)
2005.1897,MW10889,Reptilia,Squamata,Anguidae,Mesaspis,moreletti,Honduras, Cortes: Cusuco National Park: Buenes Aires,15.499120,-88.213026,10,Took centroid of park. Extent determined as distance from centroid to Cofradia.,Simon Maddock,Other ID SM619; Collected 2 July 2015; Notes: None,Non-type,Frozen (Tail tip)
2005.1898,MW10890,Reptilia,Squamata,Anguidae,Mesaspis,moreletti,Honduras, Cortes: Cusuco National Park: Buenes Aires,15.499120,-88.213026,10,Took centroid of park. Extent determined as distance from centroid to Cofradia.,Simon Maddock,Other ID SM622; Collected 2 July 2015; Notes: None,Non-type,Frozen (Tail tip)
2005.1899,MW10900,Reptilia,Squamata,Anguidae,Mesaspis,moreletti,Honduras, Cortes: Cusuco National Park: Corticito?,15.499120,-88.213026,10,Took centroid of park. Extent determined as distance from centroid to Cofradia.,Simon Maddock,Other ID SM645; Collected 5 July 2015; Notes: None,Non-type,Frozen (Tail tip)
2005.1900,MW10891,Reptilia,Squamata,Elapidae,Micrurus,diastema,Honduras, Cortes: Cusuco National Park: Buenes Aires,15.499120,-88.213026,10,Took centroid of park. Extent determined as distance from centroid to Cofradia.,Simon Maddock,Other ID SM623; Collected 5 July 2015; Notes: Only half a specimen - ran over? Chopped?,Non-type,Frozen (Muscle)
2005.1901,MW10892,Reptilia,Squamata,Elapidae,Micrurus,diastema,Honduras," Cortes: Cusuco National Park: Guanales, T1 900m",15.49189,-88.21638,0,N/A,Simon Maddock,Other ID SM624; Collected 25 July 2015; Notes: None,Non-type,Frozen (Muscle)
2005.1902,MW10878,Reptilia,Squamata,Colubridae,Ninia,sebae,Honduras, Cortes: Cusuco National Park,15.499120,-88.213026,10,Took centroid of park. Extent determined as distance from centroid to Cofradia.,Simon Maddock,Other ID SM617; Collected June-July 2015; Notes: None,Non-type,Frozen (Muscle)
2005.1903,MW10883,Reptilia,Squamata,Colubridae,Scaphiodontophis,annulatus,Honduras, Cortes: Cusuco National Park,15.499120,-88.213026,10,Took centroid of park. Extent determined as distance from centroid to Cofradia.,Simon Maddock,Other ID SM627; Collected June-July 2015; Notes: None,Non-type,Frozen (Muscle)
2005.1904,MW10870,Reptilia,Squamata,Phrynosomatidae,Sceloporus,schmidti,Honduras," Cortes: Cusuco National Park: Cantilles, T4",15.50947,-88.23493,0,N/A,Simon Maddock,Other ID SM672; Collected June-July 2015; Notes: None,Non-type,Frozen (Muscle)
2005.1905,MW10871,Reptilia,Squamata,Phrynosomatidae,Sceloporus,schmidti,Honduras," Cortes: Cusuco National Park: Cantilles, T4",15.50947,-88.23493,0,N/A,Simon Maddock,Other ID SM592; Collected June-July 2015; Notes: None,Non-type,Frozen (Tail tip)
2005.1906,MW10884,Reptilia,Squamata,Colubridae,Spilotes,pullatus,Honduras, Cortes: Cusuco National Park,15.499120,-88.213026,10,Took centroid of park. Extent determined as distance from centroid to Cofradia.,Simon Maddock,Other ID SM626; Collected June-July 2015; Notes: None,Non-type,Frozen (Muscle)
2005.1907,MW10880,Reptilia,Squamata,Colubridae,Stenorrhina,degenhardtii,Honduras, Cortes: Cusuco National Park,15.499120,-88.213026,10,Took centroid of park. Extent determined as distance from centroid to Cofradia.,Simon Maddock,Other ID SM616; Collected June-July 2015; Notes: None,Non-type,Frozen (Muscle)
2005.1908,MW10881,Reptilia,Squamata,Colubridae,Stenorrhina,degenhardtii,Honduras, Cortes: Cusuco National Park,15.499120,-88.213026,10,Took centroid of park. Extent determined as distance from centroid to Cofradia.,Simon Maddock,Other ID SM615; Collected June-July 2015; Notes: None,Non-type,Frozen (Muscle)
2005.1909,MW10882,Reptilia,Squamata,Colubridae,Stenorrhina,degenhardtii,Honduras, Cortes: Cusuco National Park,15.499120,-88.213026,10,Took centroid of park. Extent determined as distance from centroid to Cofradia.,Simon Maddock,Other ID SM614; Collected June-July 2015; Notes: None,Non-type,Frozen (Muscle)
2005.1910,MW10901,Reptilia,Squamata,Colubridae,Stenorrhina,degenhardtii,Honduras, Cortes: Cusuco National Park: Buenes Aires,15.499120,-88.213026,10,Took centroid of park. Extent determined as distance from centroid to Cofradia.,Simon Maddock,Other ID SM646; Collected June-July 2015; Notes: None,Non-type,Archival
2005.1911,MW10902,Reptilia,Squamata,Colubridae,Stenorrhina,degenhardtii,Honduras, Cortes: Cusuco National Park: Buenes Aires,15.499120,-88.213026,10,Took centroid of park. Extent determined as distance from centroid to Cofradia.,Simon Maddock,Other ID SM647; Collected June-July 2015; Notes: None,Non-type,Archival
2005.1676,MW10442,Amphibia,Gymnophiona,Indotyphlidae,Grandisonia,alternans,Seychelles,"La Digue: On road towards Grand Anse, at top",-4.369944,55.837806,0,N/A,"David Gower, Julia Day",Altitude 49; Collected on 11 February 2014; Field notes: None,Non-type,Frozen (Possible)
2005.1677,MW10446,Amphibia,Gymnophiona,Indotyphlidae,Grandisonia,alternans,Seychelles,La Digue: At top of road towards Grand Anse,-4.369944,55.837806,0,N/A,"Julia Day, David Gower","Altitude 49; Collected on 11 February 2014; Field notes: pH=5.86, sandy clay loam",Non-type,Frozen (Possible)
2005.1678,MW10447,Amphibia,Gymnophiona,Indotyphlidae,Grandisonia,alternans,Seychelles,La Digue: At top of road towards Grand Anse,-4.369944,55.837806,0,N/A,"Julia Day, David Gower","Altitude 49; Collected on 11 February 2014; Field notes: pH=5.86, sandy clay loam",Non-type,Frozen (Possible)
2005.1679,MW10448,Amphibia,Gymnophiona,Indotyphlidae,Grandisonia,alternans,Seychelles,La Digue: At top of road towards Grand Anse,-4.369944,55.837806,0,N/A,"Julia Day, David Gower","Altitude 49; Collected on 11 February 2014; Field notes: pH=5.86, sandy clay loam",Non-type,Frozen (Possible)
2005.1680,MW10452,Amphibia,Gymnophiona,Indotyphlidae,Grandisonia,alternans,Seychelles,La Digue: At top of road towards Grand Anse,-4.369944,55.837806,0,N/A,"Simon Maddock, David Gower, Julia Day",Altitude 49; Collected on N/A; Field notes: None,Non-type,Frozen (Possible)
2005.1681,MW10569,Amphibia,Gymnophiona,Indotyphlidae,Grandisonia,alternans,Seychelles,Mahe: Congo Rouge,-4.64875,55.436139,0,N/A,"Simon Maddock, David Gower, Rachunliu Kamei, Mark Wilkinson",Altitude N/A; Collected on 21 March 2015; Field notes: Loam. 4.5pH,Non-type,Frozen (Possible)
2005.1682,MW10570,Amphibia,Gymnophiona,Indotyphlidae,Grandisonia,alternans,Seychelles,Mahe: Congo Rouge trail,-4.64875,55.436139,0,N/A,"Simon Maddock, David Gower, Rachunliu Kamei, Mark Wilkinson","Altitude 684; Collected on 21 March 2015; Field notes: Sandy loam, 5.25pH",Non-type,Frozen (Possible)
2005.1683,MW10571,Amphibia,Gymnophiona,Indotyphlidae,Grandisonia,alternans,Seychelles,Mahe: Congo Rouge trail,-4.64875,55.436139,0,N/A,"Simon Maddock, David Gower, Rachunliu Kamei, Mark Wilkinson","Altitude 684; Collected on 21 March 2015; Field notes: Sandy loam, 5.25pH",Non-type,Frozen (Possible)
2005.1684,MW10465,Amphibia,Gymnophiona,Indotyphlidae,Grandisonia,alternans,Seychelles,Mahe: Next to bamboo up Congo Rouge trail,-4.652167,55.438417,0,N/A,"Simon Maddock, David Gower, Mark Wilkinson, Julia Day",Altitude 512; Collected on 17 February 2014; Field notes: Methanol'ed,Non-type,Frozen (Possible)
2005.1685,MW10467,Amphibia,Gymnophiona,Indotyphlidae,Grandisonia,alternans,Seychelles,Mahe: Next to bamboo up Congo Rouge trail,-4.652167,55.438417,0,N/A,"Simon Maddock, David Gower, Mark Wilkinson, Julia Day",Altitude 512; Collected on 17 February 2014; Field notes: THE BEAST!!!!! Loam soil pH 4.45,Non-type,Frozen (Possible)
2005.1686,MW10474,Amphibia,Gymnophiona,Indotyphlidae,Grandisonia,alternans,Seychelles,Mahe: Next to bamboo up Congo Rouge trail,-4.652167,55.438417,0,N/A,"Simon Maddock, David Gower, Mark Wilkinson, Julia Day",Altitude 512; Collected on 17 February 2014; Field notes: Non-destructive. Died after workshop so pickled and took a muscle sample - labelled SM343B. ,Non-type,Frozen (Possible)
2005.1687,MW10576,Amphibia,Gymnophiona,Indotyphlidae,Grandisonia,alternans,Seychelles,Mahe: Morne Blanc,-4.657167,55.432778,0,N/A,"David Gower, Rachunliu Kamei",Altitude 636; Collected on 22 March 2015; Field notes: Loamy sand. 4.44pH,Non-type,Frozen (Possible)
2005.1688,MW10575,Amphibia,Gymnophiona,Indotyphlidae,Grandisonia,alternans,Seychelles,Mahe: Morne Blanc trail,-4.6575,55.434139,0,N/A,"David Gower, Rachunliu Kamei",Altitude 643; Collected on 22 March 2015; Field notes: Loam. 5.84pH,Non-type,Frozen (Possible)
2005.1689,MW10557,Amphibia,Gymnophiona,Indotyphlidae,Grandisonia,alternans,Seychelles,"Mahe: Mare Aux Cochons, trail",-4.628694,55.411361,0,N/A,"Simon Maddock, David Gower, Rachunliu Kamei",Altitude 427; Collected on 16 March 2015; Field notes: Loamy sand. 4.34pH,Non-type,Frozen (Possible)
2005.1690,MW10558,Amphibia,Gymnophiona,Indotyphlidae,Grandisonia,alternans,Seychelles,"Mahe: Mare Aux Cochons, trail",-4.628222,55.411667,0,N/A,"Simon Maddock, David Gower, Rachunliu Kamei",Altitude 412; Collected on 16 March 2015; Field notes: Clay loam. 6.29pH,Non-type,Frozen (Possible)
2005.1691,MW10559,Amphibia,Gymnophiona,Indotyphlidae,Grandisonia,alternans,Seychelles,"Mahe: Mare Aux Cochons, trail",-4.626611,55.414722,0,N/A,"Simon Maddock, David Gower, Rachunliu Kamei",Altitude 326; Collected on 16 March 2015; Field notes: Silty clay loam. 5.22pH,Non-type,Frozen (Possible)
2005.1692,MW10482,Amphibia,Gymnophiona,Indotyphlidae,Grandisonia,alternans,Seychelles,Mahe: Stream on La Reserve trail,-4.709583,55.503278,0,N/A,"Simon Maddock, David Gower, Mark Wilkinson",Altitude 290; Collected on 22 February 2014; Field notes: None,Non-type,Frozen (Possible)
2005.1693,MW 7762,Amphibia,Gymnophiona,Indotyphlidae,Grandisonia,alternans,Seychelles,Mahe: La Reserve,-4.711778,55.503306,0,N/A,Simon Maddock & David Gower,Altitude 354; Collected on 27 February 2013; Field notes: 305mm; 34g. Fixed on 28/02/13; soil pH = 5.85; soil type = sandy clay loam,Non-type,Frozen (Possible)
2005.1694,MW 9507,Amphibia,Gymnophiona,Indotyphlidae,Grandisonia,alternans,Seychelles,Mahe: La Reserve,-4.711778,55.503306,0,N/A,Simon Maddock & David Gower,Altitude 354; Collected on 27 February 2013; Field notes: 298mm; 28.6g. Fixed on 28/02/13. soil pH = 4.15; soil type = sandy clay loam; a lot of root matter,Non-type,Frozen (Possible)
2005.1695,MW 9508,Amphibia,Gymnophiona,Indotyphlidae,Grandisonia,alternans,Seychelles,Mahe: La Reserve,-4.711778,55.503306,0,N/A,Simon Maddock & David Gower,Altitude 354; Collected on 27 February 2013; Field notes: 172mm; 5.6g. Fixed on 28/02/13. soil pH = 5.05; soil type = sandy clay loam; a lot of root matter,Non-type,Frozen (Possible)
2005.1696,MW10479,Amphibia,Gymnophiona,Indotyphlidae,Grandisonia,alternans,Seychelles,Mahe: La Reserve,-4.7118,55.50331667,0,N/A,"Simon Maddock, David Gower, Mark Wilkinson",Altitude 354; Collected on 22 February 2014; Field notes: Chopped,Non-type,Frozen (Possible)
2005.1697,MW07759,Amphibia,Gymnophiona,Indotyphlidae,Grandisonia,alternans,Seychelles,"Praslin: Praslin NP, across road from Vallee de Mai",-4.335266667,55.7408,0,N/A,Simon Maddock & David Gower,"Altitude 231; Collected on 25 February 2013; Field notes: 292mm. 26 gms. Soil = loam, v. dark and a lot of humus; soil pH = 6.05.",Non-type,Frozen (Possible)
2005.1698,MW07760,Amphibia,Gymnophiona,Indotyphlidae,Grandisonia,alternans,Seychelles,"Praslin: Praslin NP, across road from Vallee de Mai",-4.335266667,55.7408,0,N/A,Simon Maddock & David Gower,Altitude 178; Collected on 25 February 2013; Field notes: 256mm. 2nd divided into secondary. 20 gms. Tentacle half way or maybe slightly closer to nostril.  Found approx 30cm away from SM 132,Non-type,Frozen (Possible)
2005.1699,MW10271,Amphibia,Gymnophiona,Indotyphlidae,Grandisonia,alternans,Seychelles,Praslin: Fond Peper,-4.334694,55.74025,0,N/A,"Simon Maddock, David Gower, Mark Wilkinson",Altitude 178; Collected on 03 March 2014; Field notes: None,Non-type,Frozen (Possible)
2005.1700,MW10421,Amphibia,Gymnophiona,Indotyphlidae,Grandisonia,alternans,Seychelles,Praslin: Fond Peper,-4.334694,55.74025,0,N/A,Simon Maddock,"Altitude 178; Collected on 04 February 2014; Field notes: pH=5.56, clay. Small layer of roots then clay'ey underneath. Pandanus leaves on top",Non-type,Frozen (Possible)
2005.1701,MW10428,Amphibia,Gymnophiona,Indotyphlidae,Grandisonia,alternans,Seychelles,Praslin: Fond Peper,-4.334694,55.74025,0,N/A,Simon Maddock,"Altitude 356; Collected on 04 February 2014; Field notes: pH=5.64, silty clay loam. Rooty with a lot of pandanus leaves on top. Female",Non-type,Frozen (Possible)
2005.1702,MW10235,Amphibia,Gymnophiona,Indotyphlidae,Grandisonia,alternans,Seychelles,Silhouette: Jardon Maron,-4.486222,55.236139,0,N/A,"Simon Maddock, David Gower, Mark Wilkinson",Altitude 356; Collected on 22 February 2014; Field notes: None,Non-type,Frozen (Possible)
2005.1703,MW10236,Amphibia,Gymnophiona,Indotyphlidae,Grandisonia,alternans,Seychelles,Silhouette: Jardon Maron,-4.486222,55.236139,0,N/A,"Simon Maddock, David Gower, Mark Wilkinson",Altitude 356; Collected on 22 February 2014; Field notes: None,Non-type,Frozen (Possible)
2005.1704,MW10238,Amphibia,Gymnophiona,Indotyphlidae,Grandisonia,alternans,Seychelles,Silhouette: Jardon Maron,-4.486222,55.236139,0,N/A,"Simon Maddock, David Gower, Mark Wilkinson",Altitude 356; Collected on 22 February 2014; Field notes: Specimen taken non-destructive pictures of,Non-type,Frozen (Possible)
2005.1705,MW10488,Amphibia,Gymnophiona,Indotyphlidae,Grandisonia,alternans,Seychelles,Silhouette: Jardon Maron,-4.486222,55.236139,0,N/A,"Simon Maddock, David Gower, Mark Wilkinson, Charles Morel",Altitude 356; Collected on 24 February 2014; Field notes: None,Non-type,Frozen (Possible)
2005.1706,MW10489,Amphibia,Gymnophiona,Indotyphlidae,Grandisonia,alternans,Seychelles,Silhouette: Jardon Maron,-4.486222,55.236139,0,N/A,"Simon Maddock, David Gower, Mark Wilkinson, Charles Morel",Altitude 356; Collected on 24 February 2014; Field notes: None,Non-type,Frozen (Possible)
2005.1707,MW10490,Amphibia,Gymnophiona,Indotyphlidae,Grandisonia,alternans,Seychelles,Silhouette: Jardon Maron,-4.486222,55.236139,0,N/A,"Simon Maddock, David Gower, Mark Wilkinson, Charles Morel",Altitude 384m; Collected on 24 February 2014; Field notes: None,Non-type,Frozen (Possible)
2005.1708,MW10233,Amphibia,Gymnophiona,Indotyphlidae,Grandisonia,alternans,Seychelles,Silhouette: Mare Aux Cochons,-4.473889,55.215639,0,N/A,"Simon Maddock, David Gower, Mark Wilkinson, Melinda (ICS)",Altitude 384m; Collected on 25 February 2014; Field notes: None,Non-type,Frozen (Possible)
2005.1709,MW10491,Amphibia,Gymnophiona,Indotyphlidae,Grandisonia,alternans,Seychelles,Silhouette: Mare Aux Cochons,-4.473889,55.215639,0,N/A,"Simon Maddock, David Gower, Mark Wilkinson, Melinda (ICS)",Altitude 384m; Collected on 25 February 2014; Field notes: Chopped,Non-type,Frozen (Possible)
2005.1710,MW10492,Amphibia,Gymnophiona,Indotyphlidae,Grandisonia,alternans,Seychelles,Silhouette: Mare Aux Cochons,-4.473889,55.215639,0,N/A,"Simon Maddock, David Gower, Mark Wilkinson, Melinda (ICS)",Altitude 384m; Collected on 25 February 2014; Field notes: Chopped,Non-type,Frozen (Possible)
2005.1711,MW10500,Amphibia,Gymnophiona,Indotyphlidae,Grandisonia,alternans,Seychelles,Silhouette: Mare Aux Cochons,-4.473889,55.215639,0,N/A,"Simon Maddock, David Gower, Mark Wilkinson, Melinda (ICS)",Altitude 537; Collected on 25 February 2014; Field notes: None,Non-type,Frozen (Possible)
2005.1712,MW10583,Amphibia,Gymnophiona,Indotyphlidae,Grandisonia,alternans,Seychelles,Silhouette: Above Mare Aux Cochons,-4.480194,55.217472,0,N/A,"Simon Maddock, David Gower, Rachunliu Kamei, Mark Wilkinson, Rachel Bristol","Altitude N/A; Collected on 25 March 2015; Field notes: Specimen with the parasite. Loam, 4.3pH",Non-type,Frozen (Possible)
2005.1713,MW10441,Amphibia,Gymnophiona,Indotyphlidae,Grandisonia,larvata,Seychelles,"La Digue: Riviere Grand Anse, Marsh",-4.362,55.83273333,0,N/A,"Simon Maddock, David Gower, Rachel Bristol, Julia Day",Altitude N/A; Collected on 09 February 2014; Field notes: None,Non-type,Frozen (Possible)
2005.1714,MW10444,Amphibia,Gymnophiona,Indotyphlidae,Grandisonia,larvata,Seychelles,"La Digue: Riviere Grand Anse, Marsh",-4.362,55.83273333,0,N/A,"Simon Maddock, David Gower, Rachel Bristol, Julia Day",Altitude N/A; Collected on 09 February 2014; Field notes: None,Non-type,Frozen (Possible)
2005.1715,MW10440,Amphibia,Gymnophiona,Indotyphlidae,Grandisonia,larvata?,Seychelles,"La Digue: Riviere Grand Anse, Marsh",-4.362,55.83273333,0,N/A,"Simon Maddock, David Gower, Rachel Bristol, Julia Day","Altitude N/A; Collected on 09 February 2014; Field notes: pH=6.16, loamy sand",Non-type,Frozen (Possible)
2005.1716,MW10445,Amphibia,Gymnophiona,Indotyphlidae,Grandisonia,larvata?,Seychelles,La Digue: Source de Argent - behind beach,-4.374056,55.829694,0,N/A,"Simon Maddock, David Gower, Rachel Bristol, Julia Day",Altitude 30m; Collected on 10 February 2014; Field notes: Inside dryish rotting log. Sort of woody soil cos decomposed,Non-type,Frozen (Possible)
2005.1717,MW10466,Amphibia,Gymnophiona,Indotyphlidae,Grandisonia,larvata,Seychelles,Mahe: Les Canelles,-4.73945,55.503852,0,N/A,"Simon Maddock, David Gower, Mark Wilkinson, Julia Day",Altitude N/A; Collected on 19 February 2014; Field notes: Chopped back end,Non-type,Frozen (Possible)
2005.1718,MW10471,Amphibia,Gymnophiona,Indotyphlidae,Grandisonia,larvata,Seychelles,Mahe: Chemin Dame Le Roi,-4.747667,55.491583,0,N/A,"Simon Maddock, David Gower, Mark Wilkinson, Julia Day",Altitude 201m; Collected on 19 February 2014; Field notes: None,Non-type,Frozen (Possible)
2005.1719,MW10472,Amphibia,Gymnophiona,Indotyphlidae,Grandisonia,larvata,Seychelles,Mahe: Chemin Dame Le Roi,-4.747667,55.491583,0,N/A,"Simon Maddock, David Gower, Mark Wilkinson, Julia Day",Altitude 201m; Collected on 19 February 2014; Field notes: clay loam pH 6.41,Non-type,Frozen (Possible)
2005.1720,MW10473,Amphibia,Gymnophiona,Indotyphlidae,Grandisonia,larvata,Seychelles,Mahe: Chemin Dame Le Roi,-4.747667,55.491583,0,N/A,"Simon Maddock, David Gower, Mark Wilkinson, Julia Day",Altitude 201m; Collected on 19 February 2014; Field notes: None,Non-type,Frozen (Possible)
2005.1721,MW10485,Amphibia,Gymnophiona,Indotyphlidae,Grandisonia,larvata,Seychelles,Mahe: Stream on La Reserve trail,-4.709583,55.503278,0,N/A,"Simon Maddock, David Gower, Mark Wilkinson",Altitude 290m; Collected on 22 February 2014; Field notes: None,Non-type,Frozen (Possible)
2005.1722,MW10016,Amphibia,Gymnophiona,Indotyphlidae,Grandisonia,larvata,Seychelles,"Praslin: Pandanis Grove, Vallee de Mai",-4.33195,55.73893333,0,N/A,Simon Maddock,Altitude 134; Collected on 22 March 2013; Field notes: 143mm; 3.5g,Non-type,Frozen (Possible)
2005.1723,MW10017,Amphibia,Gymnophiona,Indotyphlidae,Grandisonia,larvata,Seychelles,"Praslin: Pandanis Grove, Vallee de Mai",-4.33195,55.73893333,0,N/A,Simon Maddock,Altitude 134; Collected on 22 March 2013; Field notes: 150mm; 3.8g,Non-type,Frozen (Possible)
2005.1724,MW10270,Amphibia,Gymnophiona,Indotyphlidae,Grandisonia,larvata,Seychelles,"Praslin: Pandanas Grove, Vallee De Mai",-4.33195,55.73893333,0,N/A,"Simon Maddock, David Gower, Mark Wilkinson",Altitude N/A; Collected on 03 March 2014; Field notes: None,Non-type,Frozen (Possible)
2005.1725,MW07761,Amphibia,Gymnophiona,Indotyphlidae,Grandisonia,larvata,Seychelles,"Praslin: Praslin NP, across road from Vallee de Mai",-4.335266667,55.7408,0,N/A,Simon Maddock & David Gower,Altitude 231; Collected on 25 February 2013; Field notes: 92mm. 0.75 gms. Approx. 16th divided into secondary annuli. Tentacle just in front of half way. Found approx 30cm away from SM 131.,Non-type,Frozen (Possible)
2005.1726,MW10020,Amphibia,Gymnophiona,Indotyphlidae,Grandisonia,larvata,Seychelles,Praslin: Fond Peper,-4.334516667,55.73886667,0,N/A,Simon Maddock,Altitude 185; Collected on 22 March 2013; Field notes: 75mm; 0.3g,Non-type,Frozen (Possible)
2005.1727,MW10422,Amphibia,Gymnophiona,Indotyphlidae,Grandisonia,larvata,Seychelles,Praslin: Fond Peper,-4.334806,55.739444,0,N/A,Simon Maddock,"Altitude 178m; Collected on 05 February 2014; Field notes: pH=5.64, silty clay loam. Rooty with a lot of pandanus leaves on top",Non-type,Frozen (Possible)
2005.1728,MW10451,Amphibia,Gymnophiona,Indotyphlidae,Grandisonia,larvata,Seychelles,Praslin: Above Fond Peper,-4.339806,55.74375,0,N/A,"Simon Maddock, David Gower, Julia Day","Altitude 333m; Collected on 13 February 2014; Field notes: pH=4.31, loam",Non-type,Frozen (Possible)
2005.1729,MW10453,Amphibia,Gymnophiona,Indotyphlidae,Grandisonia,larvata,Seychelles,Praslin: Above Fond Peper,-4.339806,55.74375,0,N/A,"Simon Maddock, David Gower, Julia Day",Altitude 333m; Collected on 13 February 2014; Field notes: None,Non-type,Frozen (Possible)
2005.1730,MW10267,Amphibia,Gymnophiona,Indotyphlidae,Grandisonia,larvata,Seychelles,Praslin: Zimbabwe,-4.308139,55.705472,0,N/A,"Simon Maddock, David Gower, Mark Wilkinson",Altitude 280; Collected on 02 March 2014; Field notes: None,Non-type,Frozen (Possible)
2005.1731,MW10268,Amphibia,Gymnophiona,Indotyphlidae,Grandisonia,larvata,Seychelles,Praslin: Zimbabwe,-4.308139,55.705472,0,N/A,"Simon Maddock, David Gower, Mark Wilkinson",Altitude 280; Collected on 02 March 2014; Field notes: None,Non-type,Frozen (Possible)
2005.1732,MW10009,Amphibia,Gymnophiona,Indotyphlidae,Grandisonia,larvata,Seychelles,Silhouette: On trail to Anse Mondon,-4.468783333,55.23343333,0,N/A,"Simon Maddock, David Gower & Charles Morel",Altitude 165; Collected on 06 March 2013; Field notes: 115mm; 1.8g,Non-type,Frozen (Possible)
2005.1733,MW10010,Amphibia,Gymnophiona,Indotyphlidae,Grandisonia,larvata,Seychelles,Silhouette: On trail to Anse Mondon,-4.4688,55.23345,0,N/A,"Simon Maddock, David Gower & Charles Morel",Altitude 165; Collected on 06 March 2013; Field notes: 85mm; 0.6g,Non-type,Frozen (Possible)
2005.1734,MW10011,Amphibia,Gymnophiona,Indotyphlidae,Grandisonia,larvata,Seychelles,Silhouette: On trail to Anse Mondon,-4.468816667,55.23346667,0,N/A,"Simon Maddock, David Gower & Charles Morel",Altitude 165; Collected on 06 March 2013; Field notes: 124mm; 2g,Non-type,Frozen (Possible)
2005.1735,MW10012,Amphibia,Gymnophiona,Indotyphlidae,Grandisonia,larvata,Seychelles,Silhouette: On trail to Anse Mondon,-4.468833333,55.23348333,0,N/A,"Simon Maddock, David Gower & Charles Morel",Altitude 165; Collected on 06 March 2013; Field notes: 132mm; 2.4g,Non-type,Frozen (Possible)
2005.1736,MW10015,Amphibia,Gymnophiona,Indotyphlidae,Grandisonia,larvata,Seychelles,Silhouette: On trail to Gran Barbe,-4.494944,55.237139,0,N/A,Simon Maddock & Charles Morel,Altitude 332; Collected on 08 March 2013; Field notes: 206mm; 9.6g,Non-type,Frozen (Possible)
2005.1737,MW10494,Amphibia,Gymnophiona,Indotyphlidae,Grandisonia,larvata,Seychelles,Silhouette: Mare Aux Cochons,-4.473889,55.215639,0,N/A,"Simon Maddock, David Gower, Mark Wilkinson, Melinda (ICS)",Altitude 384m; Collected on 25 February 2014; Field notes: None,Non-type,Frozen (Possible)
2005.1738,MW10495,Amphibia,Gymnophiona,Indotyphlidae,Grandisonia,larvata,Seychelles,Silhouette: Mare Aux Cochons,-4.473889,55.215639,0,N/A,"Simon Maddock, David Gower, Mark Wilkinson, Melinda (ICS)",Altitude 384m; Collected on 25 February 2014; Field notes: None,Non-type,Frozen (Possible)
2005.1739,MW10496,Amphibia,Gymnophiona,Indotyphlidae,Grandisonia,larvata,Seychelles,Silhouette: Mare Aux Cochons,-4.473889,55.215639,0,N/A,"Simon Maddock, David Gower, Mark Wilkinson, Melinda (ICS)",Altitude 384m; Collected on 25 February 2014; Field notes: None,Non-type,Frozen (Possible)
2005.1740,MW10498,Amphibia,Gymnophiona,Indotyphlidae,Grandisonia,larvata,Seychelles,Silhouette: Mare Aux Cochons,-4.473889,55.215639,0,N/A,"Simon Maddock, David Gower, Mark Wilkinson, Melinda (ICS)",Altitude 384m; Collected on 25 February 2014; Field notes: None,Non-type,Frozen (Possible)
2005.1741,MW10579,Amphibia,Gymnophiona,Indotyphlidae,Grandisonia,larvata,Seychelles,Silhouette: Above Mare Aux Cochons,-4.481528,55.21875,0,N/A,"Simon Maddock, David Gower, Rachunliu Kamei, Mark Wilkinson, Rachel Bristol","Altitude 556; Collected on 25 March 2015; Field notes: Sandy loam, 4.44 pH",Non-type,Frozen (Possible)
2005.1742,MW10237,Amphibia,Gymnophiona,Indotyphlidae,Grandisonia,larvata,Seychelles,Silhouette: Just past Incenerator on La Passe,-4.481012,55.247334,0,N/A,"David Gower, Mark Wilkinson",Altitude N/A; Collected on 26 February 2014; Field notes: Larva swimming in stream at night,Non-type,Frozen (Possible)
2005.1743,MW10003,Amphibia,Gymnophiona,Indotyphlidae,Grandisonia,sechellensis,Seychelles,"Mahe: Casse Dent, Grand Bois River",-4.6535,55.43778333,0,N/A,Simon Maddock & David Gower,Altitude 443; Collected on 01 March 2013; Field notes: 62mm; 0.2g. Has spiracle and very slightly overhanging mouth. Sort of biocoloured - brownish on top and greyish underneath. Tentacle touching eye,Non-type,Frozen (Possible)
2005.1744,MW10004,Amphibia,Gymnophiona,Indotyphlidae,Grandisonia,sechellensis,Seychelles,"Mahe: Casse Dent, Grand Bois River",-4.6535,55.43778333,0,N/A,Simon Maddock & David Gower,Altitude 443; Collected on 01 March 2013; Field notes: 74mm; 0.3g. Has spiracle and very slightly overhanging mouth. Sort of biocoloured - brownish on top and greyish underneath. Tentacle touching eye,Non-type,Frozen (Possible)
2005.1745,MW10462,Amphibia,Gymnophiona,Indotyphlidae,Grandisonia,sechellensis,Seychelles,Mahe: Next to bamboo up Congo Rouge trail,-4.652167,55.438417,0,N/A,"Simon Maddock, David Gower, Mark Wilkinson, Julia Day",Altitude 512m; Collected on 17 February 2014; Field notes: Died in captivity. Possible chop??,Non-type,Frozen (Possible)
2005.1746,MW10463,Amphibia,Gymnophiona,Indotyphlidae,Grandisonia,sechellensis,Seychelles,Mahe: Next to bamboo up Congo Rouge trail,-4.652167,55.438417,0,N/A,"Simon Maddock, David Gower, Mark Wilkinson, Julia Day",Altitude 512m; Collected on 17 February 2014; Field notes: silty clay loam pH 4.5,Non-type,Frozen (Possible)
2005.1747,MW10464,Amphibia,Gymnophiona,Indotyphlidae,Grandisonia,sechellensis,Seychelles,Mahe: Next to bamboo up Congo Rouge trail,-4.652167,55.438417,0,N/A,"Simon Maddock, David Gower, Mark Wilkinson, Julia Day",Altitude 512m; Collected on 17 February 2014; Field notes: silty clay loam pH 4.5,Non-type,Frozen (Possible)
2005.1748,MW10007,Amphibia,Gymnophiona,Indotyphlidae,Grandisonia,sechellensis,Seychelles,"Mahe: Mare Aux Cochon, swamp",-4.637383333,55.41211667,0,N/A,Simon Maddock & David Gower,Altitude 426; Collected on 01 March 2013; Field notes: 212mm; 10.6g,Non-type,Frozen (Possible)
2005.1749,MW10461,Amphibia,Gymnophiona,Indotyphlidae,Grandisonia,sechellensis,Seychelles,Mahe: Mare Aux Cochons,-4.640361,55.415833,0,N/A,Simon Maddock,"Altitude 459m; Collected on 16 February 2014; Field notes: pH=5.01, sandy clay loam",Non-type,Frozen (Possible)
2005.1750,MW10459,Amphibia,Gymnophiona,Indotyphlidae,Grandisonia,sechellensis,Seychelles,Mahe: Above Mare Aux Cochons,-4.641694,55.418639,0,N/A,Simon Maddock,"Altitude 452m; Collected on 16 February 2014; Field notes: pH=5.74, clay loam",Non-type,Frozen (Possible)
2005.1751,MW10480,Amphibia,Gymnophiona,Indotyphlidae,Grandisonia,sechellensis,Seychelles,Mahe: La Reserve,-4.7118,55.50331667,0,N/A,"Simon Maddock, David Gower, Mark Wilkinson",Altitude 354; Collected on 22 February 2014; Field notes: Chopped in half so not measuring,Non-type,Frozen (Possible)
2005.1752,MW10484,Amphibia,Gymnophiona,Indotyphlidae,Grandisonia,sechellensis,Seychelles,Mahe: La Reserve,-4.7118,55.50331667,0,N/A,"Simon Maddock, David Gower, Mark Wilkinson",Altitude 354; Collected on 22 February 2014; Field notes: Female = full of eggs,Non-type,Frozen (Possible)
2005.1753,MW10249,Amphibia,Gymnophiona,Indotyphlidae,Grandisonia,sechellensis,Seychelles,Mahe: Same as Praslinia - 467m/asl,-4.629806,55.407167,0,N/A,"Simon Maddock, David Gower, Mark Wilkinson, L. Chong Sing",Altitude 467; Collected on 01 March 2014; Field notes: None,Non-type,Frozen (Possible)
2005.1754,MW10269,Amphibia,Gymnophiona,Indotyphlidae,Grandisonia,sechellensis,Seychelles,"Praslin: Pandanas Grove, Vallee De Mai",-4.33,55.738391,0,N/A,"Simon Maddock, David Gower, Mark Wilkinson",Altitude 185; Collected on 03 March 2014; Field notes: None,Non-type,Frozen (Possible)
2005.1755,MW10018,Amphibia,Gymnophiona,Indotyphlidae,Grandisonia,sechellensis,Seychelles,Praslin: Fond Peper,-4.334516667,55.73886667,0,N/A,Simon Maddock,Altitude 342m; Collected on 22 March 2013; Field notes: 227mm; 12g,Non-type,Frozen (Possible)
2005.1756,MW10450,Amphibia,Gymnophiona,Indotyphlidae,Grandisonia,sechellensis,Seychelles,Praslin: Above Fond Peper,-4.340139,55.743722,0,N/A,"Simon Maddock, David Gower, Julia Day","Altitude N/A; Collected on 13 February 2014; Field notes: pH=5.71, sandy clay loam",Non-type,Frozen (Possible)
2005.1757,MW10013,Amphibia,Gymnophiona,Indotyphlidae,Grandisonia,sechellensis,Seychelles,Silhouette: On trail to Gran Barbe,-4.494944,55.237139,0,N/A,Simon Maddock & Charles Morel,Altitude 332; Collected on 08 March 2013; Field notes: 175mm; 5.6g,Non-type,Frozen (Possible)
2005.1758,MW10014,Amphibia,Gymnophiona,Indotyphlidae,Grandisonia,sechellensis,Seychelles,Silhouette: On trail to Gran Barbe,-4.494944,55.237139,0,N/A,Simon Maddock & Charles Morel,Altitude 332; Collected on 08 March 2013; Field notes: 178mm; 7.4g,Non-type,Frozen (Possible)
2005.1759,MW10487,Amphibia,Gymnophiona,Indotyphlidae,Grandisonia,sechellensis,Seychelles,Silhouette: Jardon Maron,-4.486222,55.236139,0,N/A,"Simon Maddock, David Gower, Mark Wilkinson, Charles Morel",Altitude 356; Collected on 24 February 2014; Field notes: None,Non-type,Frozen (Possible)
2005.1760,MW10423,Amphibia,Gymnophiona,Indotyphlidae,Grandisonia,sechellensis,Seychelles,Praslin: Fond Peper,-4.334806,55.739444,0,N/A,Simon Maddock,"Altitude 178m; Collected on 05 February 2014; Field notes: pH=5.64, silty clay loam. Rooty with a lot of pandanus leaves on top",Non-type,Frozen (Possible)
2005.1761,MW10458,Amphibia,Gymnophiona,Indotyphlidae,Grandisonia,larvata or sechellensis (or alternans),Seychelles,Praslin: Above Fond Peper,-4.339806,55.74375,0,N/A,"Simon Maddock, David Gower, Julia Day","Altitude 333m; Collected on 13 February 2014; Field notes: pH=6.53, silt loam. Extremely wet soil in drainage seepage - smelt slightly stagnant in bag.",Non-type,Frozen (Possible)
2005.1762,MW10250,Amphibia,Gymnophiona,Indotyphlidae,Grandisonia,larvata or sechellensis (or alternans),Seychelles,Mahe: Same as Praslinia - 467m/asl,-4.629806,55.407167,0,N/A,"Simon Maddock, David Gower, Mark Wilkinson, L. Chong Sing",Altitude 467; Collected on 01 March 2014; Field notes: larva,Non-type,Frozen (Possible)
2005.1763,MW10251,Amphibia,Gymnophiona,Indotyphlidae,Grandisonia,larvata or sechellensis (or alternans),Seychelles,Mahe: Same as Praslinia - 467m/asl,-4.629806,55.407167,0,N/A,"Simon Maddock, David Gower, Mark Wilkinson, L. Chong Sing",Altitude 467; Collected on 01 March 2014; Field notes: larva,Non-type,Frozen (Possible)
2005.1764,MW10252,Amphibia,Gymnophiona,Indotyphlidae,Grandisonia,larvata or sechellensis (or alternans),Seychelles,Mahe: Same as Praslinia - 467m/asl,-4.629806,55.407167,0,N/A,"Simon Maddock, David Gower, Mark Wilkinson, L. Chong Sing",Altitude 467; Collected on 01 March 2014; Field notes: larva,Non-type,Frozen (Possible)
2005.1765,MW10259,Amphibia,Gymnophiona,Indotyphlidae,Grandisonia,larvata or sechellensis (or alternans),Seychelles,Mahe: Ron's Praslinia site - Ron Praslinia [gps name],-4.629889,55.406,0,N/A,"Simon Maddock, David Gower, Mark Wilkinson, L. Chong Sing",Altitude 438; Collected on 01 March 2014; Field notes: larva,Non-type,Frozen (Possible)
2005.1766,MW10255,Amphibia,Gymnophiona,Indotyphlidae,Grandisonia,larvata or sechellensis (or alternans),Seychelles,Mahe: Same as Praslinia - 467m/asl,-4.629806,55.407167,0,N/A,"Simon Maddock, David Gower, Mark Wilkinson, L. Chong Sing",Altitude 467; Collected on 01 March 2014; Field notes: larva,Non-type,Frozen (Possible)
2005.1767,MW10256,Amphibia,Gymnophiona,Indotyphlidae,Grandisonia,larvata or sechellensis (or alternans),Seychelles,Mahe: Same as Praslinia - 467m/asl,-4.629806,55.407167,0,N/A,"Simon Maddock, David Gower, Mark Wilkinson, L. Chong Sing",Altitude 467; Collected on 01 March 2014; Field notes: larva,Non-type,Frozen (Possible)
2005.1768,MW10246,Amphibia,Gymnophiona,Indotyphlidae,Grandisonia,larvata or sechellensis (or alternans),Seychelles,Mahe: Same as Praslinia - 467m/asl,-4.629806,55.407167,0,N/A,"Simon Maddock, David Gower, Mark Wilkinson, L. Chong Sing",Altitude 467; Collected on 01 March 2014; Field notes: larva,Non-type,Frozen (Possible)
2005.1769,MW10247,Amphibia,Gymnophiona,Indotyphlidae,Grandisonia,larvata or sechellensis (or alternans),Seychelles,Mahe: Same as Praslinia - 467m/asl,-4.629806,55.407167,0,N/A,"Simon Maddock, David Gower, Mark Wilkinson, L. Chong Sing",Altitude 467; Collected on 01 March 2014; Field notes: larva,Non-type,Frozen (Possible)
2005.1770,MW10248,Amphibia,Gymnophiona,Indotyphlidae,Grandisonia,sechellensis,Seychelles,Mahe: Same as Praslinia - 467m/asl,-4.629806,55.407167,0,N/A,"Simon Maddock, David Gower, Mark Wilkinson, L. Chong Sing",Altitude 467; Collected on 01 March 2014; Field notes: larva,Non-type,Frozen (Possible)
2005.1771,MW10244,Amphibia,Gymnophiona,Indotyphlidae,Grandisonia,sechellensis,Seychelles,Mahe: Same as Praslinia - 467m/asl,-4.629806,55.407167,0,N/A,"Simon Maddock, David Gower, Mark Wilkinson, L. Chong Sing",Altitude 467; Collected on 01 March 2014; Field notes: larva,Non-type,Frozen (Possible)
2005.1772,MW10245,Amphibia,Gymnophiona,Indotyphlidae,Grandisonia,sechellensis,Seychelles,Mahe: Same as Praslinia - 467m/asl,-4.629806,55.407167,0,N/A,"Simon Maddock, David Gower, Mark Wilkinson, L. Chong Sing",Altitude 467; Collected on 01 March 2014; Field notes: larva,Non-type,Frozen (Possible)
2005.1773,MW10243,Amphibia,Gymnophiona,Indotyphlidae,Grandisonia,sechellensis,Seychelles,Mahe: Same as Praslinia - 467m/asl,-4.629806,55.407167,0,N/A,"Simon Maddock, David Gower, Mark Wilkinson, L. Chong Sing",Altitude 467; Collected on 01 March 2014; Field notes: larva,Non-type,Frozen (Possible)
2005.1774,MW10258,Amphibia,Gymnophiona,Indotyphlidae,Grandisonia,sechellensis,Seychelles,Mahe: Same as Praslinia - 467m/asl,-4.629806,55.407167,0,N/A,"Simon Maddock, David Gower, Mark Wilkinson, L. Chong Sing",Altitude 467; Collected on 01 March 2014; Field notes: larva,Non-type,Frozen (Possible)
2005.1775,MW10257,Amphibia,Gymnophiona,Indotyphlidae,Grandisonia,sechellensis,Seychelles,Mahe: Same as Praslinia - 467m/asl,-4.629806,55.407167,0,N/A,"Simon Maddock, David Gower, Mark Wilkinson, L. Chong Sing",Altitude 467; Collected on 01 March 2014; Field notes: larva,Non-type,Frozen (Possible)
2005.1776,MW10253,Amphibia,Gymnophiona,Indotyphlidae,Grandisonia,sechellensis,Seychelles,Mahe: Same as Praslinia - 467m/asl,-4.629806,55.407167,0,N/A,"Simon Maddock, David Gower, Mark Wilkinson, L. Chong Sing",Altitude 467; Collected on 01 March 2014; Field notes: larva,Non-type,Frozen (Possible)
2005.1777,MW10254,Amphibia,Gymnophiona,Indotyphlidae,Grandisonia,sechellensis,Seychelles,Mahe: Same as Praslinia - 467m/asl,-4.629806,55.407167,0,N/A,"Simon Maddock, David Gower, Mark Wilkinson, L. Chong Sing",Altitude 467; Collected on 01 March 2014; Field notes: larva,Non-type,Frozen (Possible)
2005.1778,MW10261,Amphibia,Gymnophiona,Indotyphlidae,Grandisonia,sechellensis,Seychelles,Mahe: Ron's Praslinia site - Ron Praslinia [gps name],-4.629889,55.406,0,N/A,"Simon Maddock, David Gower, Mark Wilkinson, L. Chong Sing",Altitude 438; Collected on 01 March 2014; Field notes: larva,Non-type,Frozen (Possible)
2005.1779,MW10262,Amphibia,Gymnophiona,Indotyphlidae,Grandisonia,sechellensis,Seychelles,Mahe: Ron's Praslinia site - Ron Praslinia [gps name],-4.629889,55.406,0,N/A,"Simon Maddock, David Gower, Mark Wilkinson, L. Chong Sing",Altitude 438; Collected on 01 March 2014; Field notes: larva,Non-type,Frozen (Possible)
2005.1780,MW10239,Amphibia,Gymnophiona,Indotyphlidae,Grandisonia,sechellensis,Seychelles,Mahe: Mark 1st,-4.628333,55.411667,0,N/A,"Simon Maddock, David Gower, Mark Wilkinson, L. Chong Sing",Altitude 313; Collected on 01 March 2014; Field notes: larva,Non-type,Frozen (Possible)
2005.1795,MW10025,Amphibia,Gymnophiona,Indotyphlidae,Hypogeophis,rostratus,Seychelles,Cerf: Side facing Ste Anne,-4.632383333,55.4985,0,N/A,Simon Maddock & Charles Morel,Altitude 82; Collected on 25 March 2013; Field notes: 320mm; 37.7g,Non-type,Frozen (Possible)
2005.1796,MW10026,Amphibia,Gymnophiona,Indotyphlidae,Hypogeophis,rostratus,Seychelles,Cerf: Side facing Ste Anne,-4.632383333,55.4985,0,N/A,Simon Maddock & Charles Morel,Altitude 82; Collected on 25 March 2013; Field notes: 206mm; 5.8g,Non-type,Frozen (Possible)
2005.1797,MW10272,Amphibia,Gymnophiona,Indotyphlidae,Hypogeophis,rostratus,Seychelles,Felicite: {Fel2},-4.326917,55.874028,0,N/A,"Simon Maddock, David Gower, Mark Wilkinson",Altitude 176; Collected on 04 March 2014; Field notes: Chopped,Non-type,Frozen (Possible)
2005.1798,MW10273,Amphibia,Gymnophiona,Indotyphlidae,Hypogeophis,rostratus,Seychelles,Felicite: {Fel2},-4.326917,55.874028,0,N/A,"Simon Maddock, David Gower, Mark Wilkinson",Altitude 176; Collected on 04 March 2014; Field notes: None,Non-type,Frozen (Possible)
2005.1799,MW10274,Amphibia,Gymnophiona,Indotyphlidae,Hypogeophis,rostratus,Seychelles,Felicite: {Fel2},-4.326917,55.874028,0,N/A,"Simon Maddock, David Gower, Mark Wilkinson",Altitude 176; Collected on 04 March 2014; Field notes: None,Non-type,Frozen (Possible)
2005.1800,MW10275,Amphibia,Gymnophiona,Indotyphlidae,Hypogeophis,rostratus,Seychelles,Felicite: Hr x3 Felicite,-4.327611,55.873194,0,N/A,"Simon Maddock, David Gower, Mark Wilkinson",Altitude 198; Collected on 04 March 2014; Field notes: None,Non-type,Frozen (Possible)
2005.1801,MW10276,Amphibia,Gymnophiona,Indotyphlidae,Hypogeophis,rostratus,Seychelles,Felicite: {Fel2},-4.326917,55.874028,0,N/A,"Simon Maddock, David Gower, Mark Wilkinson",Altitude 176; Collected on 04 March 2014; Field notes: None,Non-type,Frozen (Possible)
2005.1802,MW10277,Amphibia,Gymnophiona,Indotyphlidae,Hypogeophis,rostratus,Seychelles,Felicite: {Fel2},-4.326917,55.874028,0,N/A,"Simon Maddock, David Gower, Mark Wilkinson",Altitude 176; Collected on 04 March 2014; Field notes: None,Non-type,Frozen (Possible)
2005.1803,MW10432,Amphibia,Gymnophiona,Indotyphlidae,Hypogeophis,rostratus,Seychelles,"La Digue: Riviere Grand Anse, Marsh",-4.362,55.83273333,0,N/A,"Simon Maddock, David Gower, Rachel Bristol, Julia Day","Altitude N/A; Collected on 09 February 2014; Field notes: pH=5.65, loamy sand",Non-type,Frozen (Possible)
2005.1804,MW10433,Amphibia,Gymnophiona,Indotyphlidae,Hypogeophis,rostratus,Seychelles,"La Digue: Riviere Grand Anse, Marsh",-4.362,55.83273333,0,N/A,"Simon Maddock, David Gower, Rachel Bristol, Julia Day","Altitude N/A; Collected on 09 February 2014; Field notes: pH=5.65, loamy sand",Non-type,Frozen (Possible)
2005.1805,MW10434,Amphibia,Gymnophiona,Indotyphlidae,Hypogeophis,rostratus,Seychelles,"La Digue: Riviere Grand Anse, Marsh",-4.362,55.83273333,0,N/A,"Simon Maddock, David Gower, Rachel Bristol, Julia Day","Altitude N/A; Collected on 09 February 2014; Field notes: pH=5.65, loamy sand",Non-type,Frozen (Possible)
2005.1806,MW10435,Amphibia,Gymnophiona,Indotyphlidae,Hypogeophis,rostratus,Seychelles,"La Digue: Riviere Grand Anse, Marsh",-4.362,55.83273333,0,N/A,"Simon Maddock, David Gower, Rachel Bristol, Julia Day","Altitude N/A; Collected on 09 February 2014; Field notes: pH=5.65, loamy sand. Male",Non-type,Frozen (Possible)
2005.1807,MW10436,Amphibia,Gymnophiona,Indotyphlidae,Hypogeophis,rostratus,Seychelles,"La Digue: North, near giant tortoise",-4.347056,55.844444,0,N/A,"Simon Maddock, David Gower, Julia Day","Altitude N/A; Collected on 10 February 2014; Field notes: pH=6.76, clay loam",Non-type,Frozen (Possible)
2005.1808,MW10437,Amphibia,Gymnophiona,Indotyphlidae,Hypogeophis,rostratus,Seychelles,"La Digue: North, near giant tortoise",-4.347056,55.844444,0,N/A,"Simon Maddock, David Gower, Julia Day","Altitude N/A; Collected on 10 February 2014; Field notes: pH=6.76, clay loam",Non-type,Frozen (Possible)
2005.1809,MW10241,Amphibia,Gymnophiona,Indotyphlidae,Hypogeophis,rostratus,Seychelles,Mahe,-4.626583,55.440444,0,N/A,"Simon Maddock, David Gower, Mark Wilkinson, L. Chong Sing",Altitude N/A; Collected on 01 March 2014; Field notes: Chopped - separated spine,Non-type,Frozen (Possible)
2005.1810,MW10481,Amphibia,Gymnophiona,Indotyphlidae,Hypogeophis,rostratus,Seychelles,Mahe: Rastafarian's bath,-4.626583,55.440444,0,N/A,TV,Altitude 226m; Collected on 21 February 2014; Field notes: From the Rasta guy working for SNPA that caught it in a trap,Non-type,Frozen (Possible)
2005.1811,MW10460,Amphibia,Gymnophiona,Indotyphlidae,Hypogeophis,rostratus,Seychelles,Mahe: Above Mare Aux Cochons,-4.641694,55.418639,0,N/A,Simon Maddock,"Altitude 452m; Collected on 16 February 2014; Field notes: pH=5.52, ?sandy loam? - soil very rooty so hard to figure out",Non-type,Frozen (Possible)
2005.1812,MW10260,Amphibia,Gymnophiona,Indotyphlidae,Hypogeophis,rostratus,Seychelles,Mahe: Ron's Praslinia site - Ron Praslinia [gps name],-4.629889,55.406,0,N/A,"Simon Maddock, David Gower, Mark Wilkinson, L. Chong Sing",Altitude 438; Collected on 01 March 2014; Field notes: larva,Non-type,Frozen (Possible)
2005.1813,MW10019,Amphibia,Gymnophiona,Indotyphlidae,Hypogeophis,rostratus,Seychelles,Praslin: Fond Peper,-4.334516667,55.73886667,0,N/A,Simon Maddock,Altitude 185; Collected on 22 March 2013; Field notes: 108mm; 0.8g,Non-type,Frozen (Possible)
2005.1814,MW10449,Amphibia,Gymnophiona,Indotyphlidae,Hypogeophis,rostratus,Seychelles,Praslin: Above Fond Peper,-4.339806,55.74375,0,N/A,"Simon Maddock, David Gower, Julia Day","Altitude 333m; Collected on 13 February 2014; Field notes: pH=5.5, Can't do soil texture as mostly bits of log",Non-type,Frozen (Possible)
2005.1815,MW10234,Amphibia,Gymnophiona,Indotyphlidae,Hypogeophis,rostratus,Seychelles,Silhouette: Mare Aux Cochons,-4.473889,55.215639,0,N/A,"Simon Maddock, David Gower, Mark Wilkinson, Melinda (ICS)",Altitude 384m; Collected on 25 February 2014; Field notes: None,Non-type,Frozen (Possible)
2005.1816,MW10242,Amphibia,Gymnophiona,Indotyphlidae,Hypogeophis,rostratus,Seychelles,Silhouette: Mare Aux Cochons,-4.473889,55.215639,0,N/A,"Simon Maddock, David Gower, Mark Wilkinson, Melinda (ICS)",Altitude N/A; Collected on 01 March 2014; Field notes: None,Non-type,Frozen (Possible)
2005.1817,MW10493,Amphibia,Gymnophiona,Indotyphlidae,Hypogeophis,rostratus,Seychelles,Silhouette: Mare Aux Cochons,-4.473889,55.215639,0,N/A,"Simon Maddock, David Gower, Mark Wilkinson, Melinda (ICS)",Altitude 384m; Collected on 25 February 2014; Field notes: None,Non-type,Frozen (Possible)
2005.1818,MW10497,Amphibia,Gymnophiona,Indotyphlidae,Hypogeophis,rostratus,Seychelles,Silhouette: Mare Aux Cochons,-4.473889,55.215639,0,N/A,"Simon Maddock, David Gower, Mark Wilkinson, Melinda (ICS)",Altitude 384m; Collected on 25 February 2014; Field notes: None,Non-type,Frozen (Possible)
2005.1819,MW10499,Amphibia,Gymnophiona,Indotyphlidae,Hypogeophis,rostratus,Seychelles,Silhouette: Mare Aux Cochons,-4.473889,55.215639,0,N/A,"Simon Maddock, David Gower, Mark Wilkinson, Melinda (ICS)",Altitude 384m; Collected on 25 February 2014; Field notes: None,Non-type,Frozen (Possible)
2005.1839,MW10263,Amphibia,Gymnophiona,Indotyphlidae,Praslinia,cooperi,Seychelles,Mahe: 467m/asl,-4.629806,55.407167,0,N/A,"Simon Maddock, David Gower, Mark Wilkinson, L. Chong Sing",Altitude 467; Collected on 01 March 2014; Field notes: larva,Non-type,Frozen (Possible)
2005.1840,MW10264,Amphibia,Gymnophiona,Indotyphlidae,Praslinia,cooperi,Seychelles,Mahe: 467m/asl,-4.629806,55.407167,0,N/A,"Simon Maddock, David Gower, Mark Wilkinson, L. Chong Sing",Altitude 467; Collected on 01 March 2014; Field notes: None,Non-type,Frozen (Possible)
2005.1841,MW10265,Amphibia,Gymnophiona,Indotyphlidae,Praslinia,cooperi,Seychelles,Mahe: 467m/asl,-4.629806,55.407167,0,N/A,"Simon Maddock, David Gower, Mark Wilkinson, L. Chong Sing",Altitude 467; Collected on 01 March 2014; Field notes: larva. Dead prior to processing - skin gone a bit weird,Non-type,Frozen (Possible)
2005.1842,MW10266,Amphibia,Gymnophiona,Indotyphlidae,Praslinia,cooperi,Seychelles,Mahe: 467m/asl,-4.629806,55.407167,0,N/A,"Simon Maddock, David Gower, Mark Wilkinson, L. Chong Sing",Altitude 467; Collected on 01 March 2014; Field notes: larva,Non-type,Frozen (Possible)
2005.1843,MW10008,Amphibia,Gymnophiona,Indotyphlidae,Praslinia,cooperi,Seychelles,Silhouette: Jardin Maron,-4.486222,55.236139,0,N/A,"Simon Maddock, David Gower & Charles Morel",Altitude 356; Collected on 05 March 2013; Field notes: 299mm; 28g,Non-type,Frozen (Possible)
2005.1844,MW10577,Amphibia,Gymnophiona,Indotyphlidae,Praslinia,cooperi,Seychelles,Silhouette: Mare Aux Cochons,-4.480194,55.217472,0,N/A,"Simon Maddock, David Gower, Rachunliu Kamei, Mark Wilkinson, Rachel Bristol",Altitude N/A; Collected on 24 March 2015; Field notes: Clay loam. Soil v. dark. pH 3.50,Non-type,Frozen (Possible)
2005.1845,MW10578,Amphibia,Gymnophiona,Indotyphlidae,Praslinia,cooperi,Seychelles,Silhouette: Above Mare Aux Cochons,-4.480194,55.217472,0,N/A,"Simon Maddock, David Gower, Rachunliu Kamei, Mark Wilkinson, Rachel Bristol",Altitude 537; Collected on 25 March 2015; Field notes: None,Non-type,Frozen (Possible)
2005.1846,MW10565,Reptilia,Squamata,Typhlopidae,Indotyphlops,braminus,Seychelles,Fregate: Pisonia forest,-4.582111,55.943611,0,N/A,"Simon Maddock, David Gower, Rachunliu Kamei",Altitude 18; Collected on 17 March 2015; Field notes: None,Non-type,Frozen (Possible)
2005.1847,MW10438,Reptilia,Squamata,Typhlopidae,Indotyphlops,braminus,Seychelles,"La Digue: Riviere Grand Anse, Marsh",-4.362,55.83273333,0,N/A,"Simon Maddock, David Gower, Rachel Bristol, Julia Day",Altitude N/A; Collected on 09 February 2014; Field notes: None,Non-type,Frozen (Possible)
2005.1848,MW10439,Reptilia,Squamata,Typhlopidae,Indotyphlops,braminus,Seychelles,"La Digue: Riviere Grand Anse, Marsh",-4.362,55.83273333,0,N/A,"Simon Maddock, David Gower, Rachel Bristol, Julia Day",Altitude N/A; Collected on 09 February 2014; Field notes: Shedding,Non-type,Frozen (Possible)
2005.1849,MW10443,Reptilia,Squamata,Typhlopidae,Indotyphlops,braminus,Seychelles,"La Digue: Riviere Grand Anse, Marsh",-4.362,55.83273333,0,N/A,"Simon Maddock, David Gower, Rachel Bristol, Julia Day",Altitude N/A; Collected on 09 February 2014; Field notes: None,Non-type,Frozen (Possible)
2005.1850,MW10240,Reptilia,Squamata,Typhlopidae,Indotyphlops,braminus,Seychelles,"Mahe: La Batie, R. Bristol's garden",-4.480194,55.217472,10,Approximated from Google Earth,Rachel Bristol,Altitude N/A; Collected on Not listed; Field notes: None,Non-type,Frozen (Possible)
